index	lat	lon	time	timestamp	content
4	52.22377271	6.88648901	2020-04-27T11:20:58Z	0	
5	52.22377275	6.88648911	2020-04-27T11:20:59Z	1	
6	52.22377264	6.88648906	2020-04-27T11:21:00Z	2	 so I'm confused right now.
7	52.22377265	6.88648905	2020-04-27T11:21:01Z	3	 What this means.
8	52.22377265	6.88648907	2020-04-27T11:21:02Z	4	 What this means.
9	52.2237728	6.88648947	2020-04-27T11:21:03Z	5	
10	52.2237728	6.88648951	2020-04-27T11:21:04Z	6	
11	52.22376688	6.88649167	2020-04-27T11:21:05Z	7	 What I want to tell you this way has he won't be alive.
12	52.22376136	6.88649583	2020-04-27T11:21:06Z	8	 What I want to tell you this way has he won't be alive.
13	52.22376022	6.88649894	2020-04-27T11:21:07Z	9	 What I want to tell you this way has he won't be alive.
14	52.22377756	6.8865019	2020-04-27T11:21:08Z	10	 More Pio eyes.
15	52.223773	6.8864965	2020-04-27T11:21:09Z	11	 Okay , so I'm trying to navigate to the first point , and I'm actually kind of finding the virtual reality distracting.
16	52.2237696	6.88650142	2020-04-27T11:21:10Z	12	 Okay , so I'm trying to navigate to the first point , and I'm actually kind of finding the virtual reality distracting.
17	52.22376689	6.88650155	2020-04-27T11:21:11Z	13	 Okay , so I'm trying to navigate to the first point , and I'm actually kind of finding the virtual reality distracting.
18	52.22376596	6.88650148	2020-04-27T11:21:12Z	14	 Okay , so I'm trying to navigate to the first point , and I'm actually kind of finding the virtual reality distracting.
19	52.22375875	6.88650698	2020-04-27T11:21:13Z	15	 Okay , so I'm trying to navigate to the first point , and I'm actually kind of finding the virtual reality distracting.
20	52.22375731	6.88651809	2020-04-27T11:21:14Z	16	 Okay , so I'm trying to navigate to the first point , and I'm actually kind of finding the virtual reality distracting.
21	52.22374915	6.88653123	2020-04-27T11:21:15Z	17	 Okay , so I'm trying to navigate to the first point , and I'm actually kind of finding the virtual reality distracting.
22	52.22374641	6.8865459	2020-04-27T11:21:16Z	18	 Okay , so I'm trying to navigate to the first point , and I'm actually kind of finding the virtual reality distracting.
23	52.22374526	6.88654766	2020-04-27T11:21:17Z	19	 Okay , so I'm trying to navigate to the first point , and I'm actually kind of finding the virtual reality distracting.
24	52.22374611	6.88654666	2020-04-27T11:21:18Z	20	 Okay , so I'm trying to navigate to the first point , and I'm actually kind of finding the virtual reality distracting.
25	52.22374499	6.88655393	2020-04-27T11:21:19Z	21	 Okay , so I'm trying to navigate to the first point , and I'm actually kind of finding the virtual reality distracting.
26	52.22374033	6.88656368	2020-04-27T11:21:20Z	22	 Okay , so I'm trying to navigate to the first point , and I'm actually kind of finding the virtual reality distracting.
27	52.22373291	6.88657537	2020-04-27T11:21:21Z	23	 Okay , so I'm trying to navigate to the first point , and I'm actually kind of finding the virtual reality distracting.
28	52.22372287	6.88659328	2020-04-27T11:21:22Z	24	 Okay , so I'm trying to navigate to the first point , and I'm actually kind of finding the virtual reality distracting.
29	52.2237108	6.88661201	2020-04-27T11:21:23Z	25	 Okay , so I'm trying to navigate to the first point , and I'm actually kind of finding the virtual reality distracting.
30	52.22370097	6.88663054	2020-04-27T11:21:24Z	26	 Okay , so I'm trying to navigate to the first point , and I'm actually kind of finding the virtual reality distracting.
31	52.22369494	6.88664739	2020-04-27T11:21:25Z	27	 Okay , so I'm trying to navigate to the first point , and I'm actually kind of finding the virtual reality distracting.
32	52.22368928	6.88666462	2020-04-27T11:21:26Z	28	 Okay , so I'm trying to navigate to the first point , and I'm actually kind of finding the virtual reality distracting.
33	52.2236835	6.88668053	2020-04-27T11:21:27Z	29	 Okay , so I'm trying to navigate to the first point , and I'm actually kind of finding the virtual reality distracting.
34	52.22368151	6.88668637	2020-04-27T11:21:28Z	30	 Okay , so I'm trying to navigate to the first point , and I'm actually kind of finding the virtual reality distracting.
35	52.22368088	6.88668954	2020-04-27T11:21:29Z	31	 Okay , so I'm trying to navigate to the first point , and I'm actually kind of finding the virtual reality distracting.
36	52.2236803	6.88669393	2020-04-27T11:21:30Z	32	
37	52.22368026	6.88669894	2020-04-27T11:21:31Z	33	 Um augmented.
38	52.22367911	6.88670145	2020-04-27T11:21:32Z	34	 Um augmented.
39	52.22367041	6.88671851	2020-04-27T11:21:33Z	35	 Um augmented.
40	52.22365937	6.88674394	2020-04-27T11:21:34Z	36	 Yeah.
41	52.22365033	6.88676871	2020-04-27T11:21:35Z	37	
42	52.22364592	6.88679494	2020-04-27T11:21:36Z	38	 Just because Aiken it's clear that there's things off into the distance that are in front of me , but that I can't I can't actually see.
43	52.22364244	6.88682019	2020-04-27T11:21:37Z	39	 Just because Aiken it's clear that there's things off into the distance that are in front of me , but that I can't I can't actually see.
44	52.22363825	6.88684607	2020-04-27T11:21:38Z	40	 Just because Aiken it's clear that there's things off into the distance that are in front of me , but that I can't I can't actually see.
45	52.22363426	6.88686001	2020-04-27T11:21:39Z	41	 Just because Aiken it's clear that there's things off into the distance that are in front of me , but that I can't I can't actually see.
46	52.22362628	6.88686726	2020-04-27T11:21:40Z	42	 Just because Aiken it's clear that there's things off into the distance that are in front of me , but that I can't I can't actually see.
47	52.22361316	6.88688185	2020-04-27T11:21:41Z	43	 Just because Aiken it's clear that there's things off into the distance that are in front of me , but that I can't I can't actually see.
48	52.22360199	6.88689357	2020-04-27T11:21:42Z	44	 Just because Aiken it's clear that there's things off into the distance that are in front of me , but that I can't I can't actually see.
49	52.22359715	6.88689984	2020-04-27T11:21:43Z	45	 Just because Aiken it's clear that there's things off into the distance that are in front of me , but that I can't I can't actually see.
50	52.22358905	6.88691013	2020-04-27T11:21:44Z	46	 Just because Aiken it's clear that there's things off into the distance that are in front of me , but that I can't I can't actually see.
51	52.22358027	6.88691962	2020-04-27T11:21:45Z	47	 Just because Aiken it's clear that there's things off into the distance that are in front of me , but that I can't I can't actually see.
52	52.22357347	6.88692438	2020-04-27T11:21:46Z	48	 And so it's hard for me to determine which , which is which , as I'm looking forward , which is maybe only five leave.
53	52.22356867	6.8869178	2020-04-27T11:21:47Z	49	 And so it's hard for me to determine which , which is which , as I'm looking forward , which is maybe only five leave.
54	52.22356545	6.88690982	2020-04-27T11:21:48Z	50	 And so it's hard for me to determine which , which is which , as I'm looking forward , which is maybe only five leave.
55	52.22356423	6.88690604	2020-04-27T11:21:49Z	51	 And so it's hard for me to determine which , which is which , as I'm looking forward , which is maybe only five leave.
56	52.22356293	6.88690472	2020-04-27T11:21:50Z	52	 And so it's hard for me to determine which , which is which , as I'm looking forward , which is maybe only five leave.
57	52.2235613	6.88690796	2020-04-27T11:21:51Z	53	 And so it's hard for me to determine which , which is which , as I'm looking forward , which is maybe only five leave.
58	52.22355924	6.88691059	2020-04-27T11:21:52Z	54	 And so it's hard for me to determine which , which is which , as I'm looking forward , which is maybe only five leave.
59	52.22355904	6.88691092	2020-04-27T11:21:53Z	55	 And so it's hard for me to determine which , which is which , as I'm looking forward , which is maybe only five leave.
60	52.22355967	6.8869075	2020-04-27T11:21:54Z	56	 And so it's hard for me to determine which , which is which , as I'm looking forward , which is maybe only five leave.
61	52.22355935	6.88690425	2020-04-27T11:21:55Z	57	 And so it's hard for me to determine which , which is which , as I'm looking forward , which is maybe only five leave.
62	52.22355765	6.88690298	2020-04-27T11:21:56Z	58	 And so it's hard for me to determine which , which is which , as I'm looking forward , which is maybe only five leave.
63	52.22355552	6.88690391	2020-04-27T11:21:57Z	59	
64	52.22355464	6.88690321	2020-04-27T11:21:58Z	60	
65	52.22355484	6.88690114	2020-04-27T11:21:59Z	61	 Yeah , I'm gonna do that.
66	52.22355593	6.88688861	2020-04-27T11:22:00Z	62	 Yeah , I'm gonna do that.
67	52.22355636	6.88688229	2020-04-27T11:22:01Z	63	
68	52.22355499	6.88688097	2020-04-27T11:22:02Z	64	
69	52.22355331	6.88688345	2020-04-27T11:22:03Z	65	
70	52.22355397	6.88687937	2020-04-27T11:22:04Z	66	
71	52.22355346	6.88687488	2020-04-27T11:22:05Z	67	
72	52.22355125	6.88686937	2020-04-27T11:22:06Z	68	
73	52.22354963	6.88686548	2020-04-27T11:22:07Z	69	 And so it looks okay.
74	52.22354896	6.88686046	2020-04-27T11:22:08Z	70	 And so it looks okay.
75	52.22354796	6.88684817	2020-04-27T11:22:09Z	71	 And so it looks okay.
76	52.22354785	6.88683676	2020-04-27T11:22:10Z	72	 And so it looks okay.
77	52.2235455	6.88683254	2020-04-27T11:22:11Z	73	 And so it looks okay.
78	52.22354233	6.88683598	2020-04-27T11:22:12Z	74	
79	52.22353809	6.88683726	2020-04-27T11:22:13Z	75	
80	52.22353497	6.88683957	2020-04-27T11:22:14Z	76	
81	52.22353221	6.88684529	2020-04-27T11:22:15Z	77	
82	52.22353027	6.88685058	2020-04-27T11:22:16Z	78	
83	52.22352838	6.88685555	2020-04-27T11:22:17Z	79	 That's interesting.
84	52.22352688	6.88685793	2020-04-27T11:22:18Z	80	
85	52.22352675	6.88686358	2020-04-27T11:22:19Z	81	
86	52.22352663	6.88686809	2020-04-27T11:22:20Z	82	 There's a highlighting when I selected it.
87	52.22352627	6.88687205	2020-04-27T11:22:21Z	83	 There's a highlighting when I selected it.
88	52.22352613	6.88687477	2020-04-27T11:22:22Z	84	 There's a highlighting when I selected it.
89	52.22352578	6.88687745	2020-04-27T11:22:23Z	85	 There's a highlighting when I selected it.
90	52.2235263	6.88688045	2020-04-27T11:22:24Z	86	 There's a highlighting when I selected it.
91	52.22352673	6.88688294	2020-04-27T11:22:25Z	87	 Highlights that doesn't highlight on the map.
92	52.22352674	6.88688413	2020-04-27T11:22:26Z	88	 Highlights that doesn't highlight on the map.
93	52.22352664	6.8868851	2020-04-27T11:22:27Z	89	 Highlights that doesn't highlight on the map.
94	52.22352662	6.88688483	2020-04-27T11:22:28Z	90	
95	52.22352654	6.88688476	2020-04-27T11:22:29Z	91	 So I can't be certain which one I've actually selected here.
96	52.22352651	6.88688467	2020-04-27T11:22:30Z	92	 So I can't be certain which one I've actually selected here.
97	52.2235265	6.88688458	2020-04-27T11:22:31Z	93	 So I can't be certain which one I've actually selected here.
98	52.22352645	6.88688446	2020-04-27T11:22:32Z	94	 So I can't be certain which one I've actually selected here.
99	52.22352653	6.88688458	2020-04-27T11:22:33Z	95	 So I can't be certain which one I've actually selected here.
100	52.22352656	6.88688466	2020-04-27T11:22:34Z	96	
101	52.22352658	6.88688472	2020-04-27T11:22:35Z	97	
102	52.22352658	6.88688476	2020-04-27T11:22:36Z	98	
103	52.22352659	6.8868848	2020-04-27T11:22:37Z	99	
104	52.22352659	6.88688483	2020-04-27T11:22:38Z	100	 Okay , so I'm going to stop using the augmented reality because I'm a little confused by it , and I'm gonna try to navigate by the map instead.
105	52.22352659	6.88688486	2020-04-27T11:22:39Z	101	 Okay , so I'm going to stop using the augmented reality because I'm a little confused by it , and I'm gonna try to navigate by the map instead.
106	52.22352658	6.88688489	2020-04-27T11:22:40Z	102	 Okay , so I'm going to stop using the augmented reality because I'm a little confused by it , and I'm gonna try to navigate by the map instead.
107	52.22352658	6.88688492	2020-04-27T11:22:41Z	103	 Okay , so I'm going to stop using the augmented reality because I'm a little confused by it , and I'm gonna try to navigate by the map instead.
108	52.22352569	6.8868844	2020-04-27T11:22:42Z	104	 Okay , so I'm going to stop using the augmented reality because I'm a little confused by it , and I'm gonna try to navigate by the map instead.
109	52.22352541	6.88688473	2020-04-27T11:22:43Z	105	 Okay , so I'm going to stop using the augmented reality because I'm a little confused by it , and I'm gonna try to navigate by the map instead.
110	52.22352526	6.88688453	2020-04-27T11:22:44Z	106	 Okay , so I'm going to stop using the augmented reality because I'm a little confused by it , and I'm gonna try to navigate by the map instead.
111	52.22352519	6.88688453	2020-04-27T11:22:45Z	107	 Okay , so I'm going to stop using the augmented reality because I'm a little confused by it , and I'm gonna try to navigate by the map instead.
112	52.22352515	6.88688456	2020-04-27T11:22:46Z	108	 Okay , so I'm going to stop using the augmented reality because I'm a little confused by it , and I'm gonna try to navigate by the map instead.
113	52.22352512	6.88688486	2020-04-27T11:22:47Z	109	 Okay , so I'm going to stop using the augmented reality because I'm a little confused by it , and I'm gonna try to navigate by the map instead.
114	52.2235251	6.88688524	2020-04-27T11:22:48Z	110	 Okay , so I'm going to stop using the augmented reality because I'm a little confused by it , and I'm gonna try to navigate by the map instead.
115	52.22352331	6.88690092	2020-04-27T11:22:49Z	111	 Okay , so I'm going to stop using the augmented reality because I'm a little confused by it , and I'm gonna try to navigate by the map instead.
116	52.2235189	6.88691697	2020-04-27T11:22:50Z	112	
117	52.22351305	6.88692626	2020-04-27T11:22:51Z	113	
118	52.22350517	6.88693056	2020-04-27T11:22:52Z	114	
119	52.22349863	6.88693353	2020-04-27T11:22:53Z	115	
120	52.22349577	6.88692879	2020-04-27T11:22:54Z	116	
121	52.22349208	6.88692319	2020-04-27T11:22:55Z	117	
122	52.22348573	6.88692111	2020-04-27T11:22:56Z	118	
123	52.22348058	6.88691782	2020-04-27T11:22:57Z	119	
124	52.22347336	6.88691981	2020-04-27T11:22:58Z	120	
125	52.22346469	6.8869268	2020-04-27T11:22:59Z	121	
126	52.22345728	6.88693142	2020-04-27T11:23:00Z	122	
127	52.22344984	6.88693509	2020-04-27T11:23:01Z	123	
128	52.22344178	6.88693804	2020-04-27T11:23:02Z	124	
129	52.22343442	6.88694242	2020-04-27T11:23:03Z	125	 So I know I'm just trying to go to Menzis , and I'm gonna pull up the information I'm in front of it.
130	52.2234259	6.88694906	2020-04-27T11:23:04Z	126	 So I know I'm just trying to go to Menzis , and I'm gonna pull up the information I'm in front of it.
131	52.22341751	6.88695671	2020-04-27T11:23:05Z	127	 So I know I'm just trying to go to Menzis , and I'm gonna pull up the information I'm in front of it.
132	52.22341042	6.886962	2020-04-27T11:23:06Z	128	 So I know I'm just trying to go to Menzis , and I'm gonna pull up the information I'm in front of it.
133	52.22340337	6.88696235	2020-04-27T11:23:07Z	129	 So I know I'm just trying to go to Menzis , and I'm gonna pull up the information I'm in front of it.
134	52.22339409	6.88696019	2020-04-27T11:23:08Z	130	 So I know I'm just trying to go to Menzis , and I'm gonna pull up the information I'm in front of it.
135	52.22337975	6.88696528	2020-04-27T11:23:09Z	131	 So I know I'm just trying to go to Menzis , and I'm gonna pull up the information I'm in front of it.
136	52.22336879	6.88696784	2020-04-27T11:23:10Z	132	
137	52.2233598	6.88696989	2020-04-27T11:23:11Z	133	
138	52.22334959	6.88696633	2020-04-27T11:23:12Z	134	 This was a place where I knew where it was already , but I don't know what it is.
139	52.22333825	6.88696149	2020-04-27T11:23:13Z	135	 This was a place where I knew where it was already , but I don't know what it is.
140	52.22332886	6.8869546	2020-04-27T11:23:14Z	136	 This was a place where I knew where it was already , but I don't know what it is.
141	52.22331869	6.8869476	2020-04-27T11:23:15Z	137	
142	52.22330848	6.88694207	2020-04-27T11:23:16Z	138	 so I'll be interested to find out what this What?
143	52.22329852	6.88693901	2020-04-27T11:23:17Z	139	 so I'll be interested to find out what this What?
144	52.22328708	6.88693688	2020-04-27T11:23:18Z	140	 so I'll be interested to find out what this What?
145	52.22327708	6.88693522	2020-04-27T11:23:19Z	141	 This building actually is okay Right now , I'm just reading this aloud here.
146	52.22326592	6.8869338	2020-04-27T11:23:20Z	142	 This building actually is okay Right now , I'm just reading this aloud here.
147	52.22325317	6.88693501	2020-04-27T11:23:21Z	143	 This building actually is okay Right now , I'm just reading this aloud here.
148	52.2232411	6.88693462	2020-04-27T11:23:22Z	144	 This building actually is okay Right now , I'm just reading this aloud here.
149	52.22323326	6.88692688	2020-04-27T11:23:23Z	145	 This building actually is okay Right now , I'm just reading this aloud here.
150	52.22322345	6.88691221	2020-04-27T11:23:24Z	146	 This building actually is okay Right now , I'm just reading this aloud here.
151	52.22321267	6.88689508	2020-04-27T11:23:25Z	147	 This building actually is okay Right now , I'm just reading this aloud here.
152	52.22320208	6.88688374	2020-04-27T11:23:26Z	148	 This building actually is okay Right now , I'm just reading this aloud here.
153	52.22319092	6.88687843	2020-04-27T11:23:27Z	149	 This building actually is okay Right now , I'm just reading this aloud here.
154	52.22318268	6.886874	2020-04-27T11:23:28Z	150	 This building actually is okay Right now , I'm just reading this aloud here.
155	52.22317224	6.88687262	2020-04-27T11:23:29Z	151	 This building actually is okay Right now , I'm just reading this aloud here.
156	52.22316038	6.88687383	2020-04-27T11:23:30Z	152	 This building actually is okay Right now , I'm just reading this aloud here.
157	52.22315008	6.88687688	2020-04-27T11:23:31Z	153	 This building actually is okay Right now , I'm just reading this aloud here.
158	52.22313462	6.88689182	2020-04-27T11:23:32Z	154	 This building actually is okay Right now , I'm just reading this aloud here.
159	52.2231221	6.88692148	2020-04-27T11:23:33Z	155	 This building actually is okay Right now , I'm just reading this aloud here.
160	52.22311743	6.88693789	2020-04-27T11:23:34Z	156	
161	52.22311184	6.88695148	2020-04-27T11:23:35Z	157	 Menzis is one of the largest Dutch insurance companies in Netherlands.
162	52.22310681	6.88696441	2020-04-27T11:23:36Z	158	 Menzis is one of the largest Dutch insurance companies in Netherlands.
163	52.22310251	6.88697556	2020-04-27T11:23:37Z	159	 Menzis is one of the largest Dutch insurance companies in Netherlands.
164	52.22309727	6.88698929	2020-04-27T11:23:38Z	160	 It's located next to see building.
165	52.22309454	6.88699927	2020-04-27T11:23:39Z	161	 It's located next to see building.
166	52.22309438	6.88700399	2020-04-27T11:23:40Z	162	 Pressel tried Enschede building.
167	52.22309386	6.88700816	2020-04-27T11:23:41Z	163	 Pressel tried Enschede building.
168	52.22309479	6.88700398	2020-04-27T11:23:42Z	164	 Pressel tried Enschede building.
169	52.22310075	6.88699398	2020-04-27T11:23:43Z	165	 It was the former roar a track through Enschede , a North Station villa Enschede , our station and then removed.
170	52.22310507	6.88699212	2020-04-27T11:23:44Z	166	 It was the former roar a track through Enschede , a North Station villa Enschede , our station and then removed.
171	52.22310613	6.88699603	2020-04-27T11:23:45Z	167	 It was the former roar a track through Enschede , a North Station villa Enschede , our station and then removed.
172	52.22310587	6.88700299	2020-04-27T11:23:46Z	168	 It was the former roar a track through Enschede , a North Station villa Enschede , our station and then removed.
173	52.22310264	6.88701487	2020-04-27T11:23:47Z	169	 It was the former roar a track through Enschede , a North Station villa Enschede , our station and then removed.
174	52.22309973	6.88702436	2020-04-27T11:23:48Z	170	 Menzis was built.
175	52.22309635	6.88703776	2020-04-27T11:23:49Z	171	
176	52.22309438	6.88704589	2020-04-27T11:23:50Z	172	
177	52.22309302	6.88705385	2020-04-27T11:23:51Z	173	
178	52.2230926	6.88705726	2020-04-27T11:23:52Z	174	
179	52.22309257	6.88705742	2020-04-27T11:23:53Z	175	
180	52.22309306	6.88704937	2020-04-27T11:23:54Z	176	
181	52.22309509	6.88703742	2020-04-27T11:23:55Z	177	
182	52.22309641	6.88702742	2020-04-27T11:23:56Z	178	
183	52.22309547	6.88702823	2020-04-27T11:23:57Z	179	
184	52.22309143	6.88703383	2020-04-27T11:23:58Z	180	 Okay , so this used to be the location of a train station , which I do not know.
185	52.22308551	6.88704854	2020-04-27T11:23:59Z	181	 Okay , so this used to be the location of a train station , which I do not know.
186	52.22308165	6.88706149	2020-04-27T11:24:00Z	182	 Okay , so this used to be the location of a train station , which I do not know.
187	52.22307833	6.88706964	2020-04-27T11:24:01Z	183	 Okay , so this used to be the location of a train station , which I do not know.
188	52.22307586	6.88707845	2020-04-27T11:24:02Z	184	 Okay , so this used to be the location of a train station , which I do not know.
189	52.22307317	6.88708205	2020-04-27T11:24:03Z	185	 Okay , so this used to be the location of a train station , which I do not know.
190	52.2230694	6.88708221	2020-04-27T11:24:04Z	186	
191	52.22307113	6.88708727	2020-04-27T11:24:05Z	187	
192	52.22307195	6.8870881	2020-04-27T11:24:06Z	188	
193	52.22307221	6.8870801	2020-04-27T11:24:07Z	189	 We're gonna take a note of that.
194	52.22307763	6.88707181	2020-04-27T11:24:08Z	190	
195	52.22307925	6.88706809	2020-04-27T11:24:09Z	191	
196	52.22307914	6.88706728	2020-04-27T11:24:10Z	192	
197	52.22307812	6.88706904	2020-04-27T11:24:11Z	193	
198	52.22307657	6.88705526	2020-04-27T11:24:12Z	194	
199	52.22307808	6.88704609	2020-04-27T11:24:13Z	195	
200	52.22308046	6.88704477	2020-04-27T11:24:14Z	196	
201	52.22308252	6.88704056	2020-04-27T11:24:15Z	197	
202	52.22308348	6.8870361	2020-04-27T11:24:16Z	198	 Hey , I'm gonna call it Menzis one.
203	52.22308292	6.88703355	2020-04-27T11:24:17Z	199	 Hey , I'm gonna call it Menzis one.
204	52.22308343	6.88702574	2020-04-27T11:24:18Z	200	 Hey , I'm gonna call it Menzis one.
205	52.22308604	6.88702463	2020-04-27T11:24:19Z	201	 Hey , I'm gonna call it Menzis one.
206	52.22308679	6.88702642	2020-04-27T11:24:20Z	202	 Hey , I'm gonna call it Menzis one.
207	52.22308171	6.88703734	2020-04-27T11:24:21Z	203	 Hey , I'm gonna call it Menzis one.
208	52.223082	6.88703277	2020-04-27T11:24:22Z	204	 Hey , I'm gonna call it Menzis one.
209	52.22308225	6.88702565	2020-04-27T11:24:23Z	205	 Hey , I'm gonna call it Menzis one.
210	52.22307948	6.88702	2020-04-27T11:24:24Z	206	 Hey , I'm gonna call it Menzis one.
211	52.22307669	6.88701934	2020-04-27T11:24:25Z	207	 Hey , I'm gonna call it Menzis one.
212	52.22307496	6.88701933	2020-04-27T11:24:26Z	208	 Hey , I'm gonna call it Menzis one.
213	52.22307444	6.88702124	2020-04-27T11:24:27Z	209	
214	52.22307387	6.88702318	2020-04-27T11:24:28Z	210	
215	52.22307626	6.88701917	2020-04-27T11:24:29Z	211	
216	52.2230822	6.88701952	2020-04-27T11:24:30Z	212	
217	52.22308897	6.88702782	2020-04-27T11:24:31Z	213	
218	52.22309099	6.8870329	2020-04-27T11:24:32Z	214	
219	52.2230982	6.88702212	2020-04-27T11:24:33Z	215	
220	52.22310491	6.88701198	2020-04-27T11:24:34Z	216	
221	52.22310393	6.88702705	2020-04-27T11:24:35Z	217	
222	52.22310207	6.88703878	2020-04-27T11:24:36Z	218	
223	52.22310076	6.88704969	2020-04-27T11:24:37Z	219	
224	52.22309831	6.88706157	2020-04-27T11:24:38Z	220	
225	52.22309583	6.88706975	2020-04-27T11:24:39Z	221	
226	52.22309228	6.88707721	2020-04-27T11:24:40Z	222	
227	52.22308832	6.88708321	2020-04-27T11:24:41Z	223	
228	52.22308497	6.8870894	2020-04-27T11:24:42Z	224	 I'm just saying that he's around the sites of a former train station.
229	52.22308238	6.88709735	2020-04-27T11:24:43Z	225	 I'm just saying that he's around the sites of a former train station.
230	52.22307998	6.88710401	2020-04-27T11:24:44Z	226	 I'm just saying that he's around the sites of a former train station.
231	52.22307769	6.88710689	2020-04-27T11:24:45Z	227	
232	52.2230762	6.88710979	2020-04-27T11:24:46Z	228	
233	52.22307514	6.88711258	2020-04-27T11:24:47Z	229	
234	52.22307403	6.88711511	2020-04-27T11:24:48Z	230	
235	52.22307395	6.88711596	2020-04-27T11:24:49Z	231	
236	52.22307357	6.88711703	2020-04-27T11:24:50Z	232	 I am not spelling this.
237	52.22307262	6.88711932	2020-04-27T11:24:51Z	233	 I am not spelling this.
238	52.22307186	6.88712099	2020-04-27T11:24:52Z	234	 Well , I'm used to a Google android keypad.
239	52.22307101	6.88712278	2020-04-27T11:24:53Z	235	 Well , I'm used to a Google android keypad.
240	52.22307026	6.8871243	2020-04-27T11:24:54Z	236	 Well , I'm used to a Google android keypad.
241	52.22306973	6.88712548	2020-04-27T11:24:55Z	237	 Well , I'm used to a Google android keypad.
242	52.22306927	6.88712641	2020-04-27T11:24:56Z	238	 Well , I'm used to a Google android keypad.
243	52.22306852	6.88712853	2020-04-27T11:24:57Z	239	
244	52.2230681	6.8871299	2020-04-27T11:24:58Z	240	 Okay , How do I I'm not sure how to submit Note.
245	52.22306771	6.88713129	2020-04-27T11:24:59Z	241	 Okay , How do I I'm not sure how to submit Note.
246	52.22306739	6.88713242	2020-04-27T11:25:00Z	242	 Okay , How do I I'm not sure how to submit Note.
247	52.22306721	6.88713301	2020-04-27T11:25:01Z	243	 Okay , How do I I'm not sure how to submit Note.
248	52.22306698	6.88713376	2020-04-27T11:25:02Z	244	 Okay , How do I I'm not sure how to submit Note.
249	52.2230668	6.88713423	2020-04-27T11:25:03Z	245	 Okay , How do I I'm not sure how to submit Note.
250	52.22306664	6.88713486	2020-04-27T11:25:04Z	246	 Okay , How do I I'm not sure how to submit Note.
251	52.22306652	6.88713522	2020-04-27T11:25:05Z	247	 Okay , How do I I'm not sure how to submit Note.
252	52.22306639	6.8871362	2020-04-27T11:25:06Z	248	 Okay , How do I I'm not sure how to submit Note.
253	52.2230663	6.88713678	2020-04-27T11:25:07Z	249	 Okay , How do I I'm not sure how to submit Note.
254	52.22306626	6.88713702	2020-04-27T11:25:08Z	250	
255	52.22306618	6.88713697	2020-04-27T11:25:09Z	251	
256	52.22306585	6.88713858	2020-04-27T11:25:10Z	252	
257	52.22306557	6.88714002	2020-04-27T11:25:11Z	253	
258	52.22306529	6.88714158	2020-04-27T11:25:12Z	254	
259	52.22306493	6.8871437	2020-04-27T11:25:13Z	255	
260	52.22306468	6.88714485	2020-04-27T11:25:14Z	256	
261	52.22306442	6.88714629	2020-04-27T11:25:15Z	257	
262	52.22306425	6.887147	2020-04-27T11:25:16Z	258	 I just hit back.
263	52.22306413	6.88714733	2020-04-27T11:25:17Z	259	
264	52.22306402	6.88714748	2020-04-27T11:25:18Z	260	 Okay , So hitting back is how you submit the note.
265	52.22306369	6.88714914	2020-04-27T11:25:19Z	261	 Okay , So hitting back is how you submit the note.
266	52.2230635	6.88714991	2020-04-27T11:25:20Z	262	 That was not clear to me.
267	52.22306337	6.88715027	2020-04-27T11:25:21Z	263	 That was not clear to me.
268	52.22306332	6.88715038	2020-04-27T11:25:22Z	264	 That was not clear to me.
269	52.22306317	6.88715123	2020-04-27T11:25:23Z	265	
270	52.22306298	6.88715265	2020-04-27T11:25:24Z	266	
271	52.22306284	6.88715342	2020-04-27T11:25:25Z	267	 Okay , so now I'm back and I want to look at the men Menzis the rest of information , but I can't see.
272	52.22306275	6.88715388	2020-04-27T11:25:26Z	268	 Okay , so now I'm back and I want to look at the men Menzis the rest of information , but I can't see.
273	52.22306244	6.88715497	2020-04-27T11:25:27Z	269	 Okay , so now I'm back and I want to look at the men Menzis the rest of information , but I can't see.
274	52.2230622	6.88715563	2020-04-27T11:25:28Z	270	 Okay , so now I'm back and I want to look at the men Menzis the rest of information , but I can't see.
275	52.223062	6.88715603	2020-04-27T11:25:29Z	271	 Okay , so now I'm back and I want to look at the men Menzis the rest of information , but I can't see.
276	52.22306185	6.88715622	2020-04-27T11:25:30Z	272	 Okay , so now I'm back and I want to look at the men Menzis the rest of information , but I can't see.
277	52.22306171	6.88715633	2020-04-27T11:25:31Z	273	 Okay , so now I'm back and I want to look at the men Menzis the rest of information , but I can't see.
278	52.22306157	6.88715639	2020-04-27T11:25:32Z	274	 Okay , so now I'm back and I want to look at the men Menzis the rest of information , but I can't see.
279	52.22306147	6.88715642	2020-04-27T11:25:33Z	275	
280	52.22306047	6.88715243	2020-04-27T11:25:34Z	276	
281	52.22305773	6.88714783	2020-04-27T11:25:35Z	277	 I can't find the p o I.
282	52.22305538	6.88714618	2020-04-27T11:25:36Z	278	 I can't find the p o I.
283	52.22305359	6.88714595	2020-04-27T11:25:37Z	279	 I can't find the p o I.
284	52.22305341	6.88714636	2020-04-27T11:25:38Z	280	 I can't find the p o I.
285	52.22305061	6.88714676	2020-04-27T11:25:39Z	281	
286	52.22304826	6.88715037	2020-04-27T11:25:40Z	282	 Here we go.
287	52.22304575	6.88715068	2020-04-27T11:25:41Z	283	
288	52.22304345	6.88715057	2020-04-27T11:25:42Z	284	
289	52.22304121	6.88715013	2020-04-27T11:25:43Z	285	
290	52.22303992	6.88715033	2020-04-27T11:25:44Z	286	
291	52.22303884	6.88715079	2020-04-27T11:25:45Z	287	
292	52.22303836	6.88715063	2020-04-27T11:25:46Z	288	
293	52.22303763	6.88715288	2020-04-27T11:25:47Z	289	 Something very strange is happening.
294	52.22303707	6.88715273	2020-04-27T11:25:48Z	290	 Something very strange is happening.
295	52.22303468	6.88715624	2020-04-27T11:25:49Z	291	 Where keeps sliding off screen.
296	52.22303311	6.88715963	2020-04-27T11:25:50Z	292	 Where keeps sliding off screen.
297	52.22303163	6.88716105	2020-04-27T11:25:51Z	293	
298	52.22303	6.88716731	2020-04-27T11:25:52Z	294	
299	52.22302827	6.8871707	2020-04-27T11:25:53Z	295	 So I'm gonna try to click on the map instead.
300	52.22302706	6.8871713	2020-04-27T11:25:54Z	296	 So I'm gonna try to click on the map instead.
301	52.22302665	6.88717257	2020-04-27T11:25:55Z	297	
302	52.22302565	6.88717161	2020-04-27T11:25:56Z	298	
303	52.22302495	6.88717183	2020-04-27T11:25:57Z	299	
304	52.22302414	6.88717179	2020-04-27T11:25:58Z	300	
305	52.22302265	6.88717372	2020-04-27T11:25:59Z	301	
306	52.2230219	6.88717569	2020-04-27T11:26:00Z	302	 So I'm looking at the old railway station.
307	52.22302143	6.88717774	2020-04-27T11:26:01Z	303	 So I'm looking at the old railway station.
308	52.22302079	6.88718013	2020-04-27T11:26:02Z	304	 So I'm looking at the old railway station.
309	52.2230202	6.88718249	2020-04-27T11:26:03Z	305	
310	52.22301971	6.88718462	2020-04-27T11:26:04Z	306	
311	52.22301935	6.88718624	2020-04-27T11:26:05Z	307	
312	52.22301882	6.88718871	2020-04-27T11:26:06Z	308	
313	52.22301831	6.88719109	2020-04-27T11:26:07Z	309	
314	52.22301787	6.88719315	2020-04-27T11:26:08Z	310	
315	52.22301743	6.88719488	2020-04-27T11:26:09Z	311	
316	52.22301705	6.88719621	2020-04-27T11:26:10Z	312	
317	52.2230166	6.88719776	2020-04-27T11:26:11Z	313	
318	52.22301628	6.88719878	2020-04-27T11:26:12Z	314	
319	52.22301609	6.88719935	2020-04-27T11:26:13Z	315	
320	52.22301593	6.88719976	2020-04-27T11:26:14Z	316	
321	52.2230158	6.88720013	2020-04-27T11:26:15Z	317	
322	52.22301566	6.88720111	2020-04-27T11:26:16Z	318	 Okay , I'm gonna proceed to one more location.
323	52.22301559	6.88720206	2020-04-27T11:26:17Z	319	 Okay , I'm gonna proceed to one more location.
324	52.22301555	6.88720281	2020-04-27T11:26:18Z	320	 Okay , I'm gonna proceed to one more location.
325	52.22301542	6.88720339	2020-04-27T11:26:19Z	321	 Okay , I'm gonna proceed to one more location.
326	52.22301465	6.88720189	2020-04-27T11:26:20Z	322	 The Beatrix Bridge tunnel , I should say and looks as though the position of the immersive is not in the right location.
327	52.22301381	6.88719537	2020-04-27T11:26:21Z	323	 The Beatrix Bridge tunnel , I should say and looks as though the position of the immersive is not in the right location.
328	52.22301223	6.88718433	2020-04-27T11:26:22Z	324	 The Beatrix Bridge tunnel , I should say and looks as though the position of the immersive is not in the right location.
329	52.2230075	6.88717331	2020-04-27T11:26:23Z	325	 The Beatrix Bridge tunnel , I should say and looks as though the position of the immersive is not in the right location.
330	52.22300333	6.88716464	2020-04-27T11:26:24Z	326	 The Beatrix Bridge tunnel , I should say and looks as though the position of the immersive is not in the right location.
331	52.22299851	6.88715754	2020-04-27T11:26:25Z	327	 The Beatrix Bridge tunnel , I should say and looks as though the position of the immersive is not in the right location.
332	52.22299214	6.88714212	2020-04-27T11:26:26Z	328	 The Beatrix Bridge tunnel , I should say and looks as though the position of the immersive is not in the right location.
333	52.22298348	6.88712668	2020-04-27T11:26:27Z	329	 The Beatrix Bridge tunnel , I should say and looks as though the position of the immersive is not in the right location.
334	52.22297358	6.8871177	2020-04-27T11:26:28Z	330	 The Beatrix Bridge tunnel , I should say and looks as though the position of the immersive is not in the right location.
335	52.22296338	6.88711004	2020-04-27T11:26:29Z	331	 The Beatrix Bridge tunnel , I should say and looks as though the position of the immersive is not in the right location.
336	52.22295333	6.88710006	2020-04-27T11:26:30Z	332	 The Beatrix Bridge tunnel , I should say and looks as though the position of the immersive is not in the right location.
337	52.22294467	6.88709244	2020-04-27T11:26:31Z	333	 The Beatrix Bridge tunnel , I should say and looks as though the position of the immersive is not in the right location.
338	52.2229372	6.88708807	2020-04-27T11:26:32Z	334	 The Beatrix Bridge tunnel , I should say and looks as though the position of the immersive is not in the right location.
339	52.22293335	6.88708563	2020-04-27T11:26:33Z	335	 The Beatrix Bridge tunnel , I should say and looks as though the position of the immersive is not in the right location.
340	52.22293133	6.887083	2020-04-27T11:26:34Z	336	 The Beatrix Bridge tunnel , I should say and looks as though the position of the immersive is not in the right location.
341	52.22293067	6.88707645	2020-04-27T11:26:35Z	337	 The Beatrix Bridge tunnel , I should say and looks as though the position of the immersive is not in the right location.
342	52.22293098	6.88707351	2020-04-27T11:26:36Z	338	 The Beatrix Bridge tunnel , I should say and looks as though the position of the immersive is not in the right location.
343	52.22293099	6.88707148	2020-04-27T11:26:37Z	339	
344	52.22293184	6.88706927	2020-04-27T11:26:38Z	340	
345	52.22293219	6.88706899	2020-04-27T11:26:39Z	341	 And I wonder if the wind is having an impact here because it's falling.
346	52.22293274	6.88706847	2020-04-27T11:26:40Z	342	 And I wonder if the wind is having an impact here because it's falling.
347	52.22293263	6.88706695	2020-04-27T11:26:41Z	343	 And I wonder if the wind is having an impact here because it's falling.
348	52.22293252	6.88706681	2020-04-27T11:26:42Z	344	 And I wonder if the wind is having an impact here because it's falling.
349	52.22293165	6.88706777	2020-04-27T11:26:43Z	345	 And I wonder if the wind is having an impact here because it's falling.
350	52.2229307	6.88706778	2020-04-27T11:26:44Z	346	 Okay , so there's Menzis.
351	52.22293016	6.88706791	2020-04-27T11:26:45Z	347	
352	52.22292961	6.88706685	2020-04-27T11:26:46Z	348	
353	52.22292977	6.88706778	2020-04-27T11:26:47Z	349	
354	52.22293007	6.88706849	2020-04-27T11:26:48Z	350	
355	52.22293038	6.88706949	2020-04-27T11:26:49Z	351	
356	52.22293057	6.88707014	2020-04-27T11:26:50Z	352	
357	52.22293068	6.88707051	2020-04-27T11:26:51Z	353	 It's being chased off the screen as I turned , and so it should be in front of me.
358	52.22293058	6.88707214	2020-04-27T11:26:52Z	354	 It's being chased off the screen as I turned , and so it should be in front of me.
359	52.22293039	6.88707391	2020-04-27T11:26:53Z	355	 It's being chased off the screen as I turned , and so it should be in front of me.
360	52.22293019	6.88707533	2020-04-27T11:26:54Z	356	 It's being chased off the screen as I turned , and so it should be in front of me.
361	52.22293001	6.88707684	2020-04-27T11:26:55Z	357	 It's being chased off the screen as I turned , and so it should be in front of me.
362	52.22292981	6.88707831	2020-04-27T11:26:56Z	358	 It's being chased off the screen as I turned , and so it should be in front of me.
363	52.22292964	6.88707967	2020-04-27T11:26:57Z	359	
364	52.22292679	6.88708252	2020-04-27T11:26:58Z	360	
365	52.22292515	6.88708632	2020-04-27T11:26:59Z	361	 But the actual icon is being pushed off , making me think I should go this way when I know I should be going this way.
366	52.22292597	6.88708737	2020-04-27T11:27:00Z	362	 But the actual icon is being pushed off , making me think I should go this way when I know I should be going this way.
367	52.22293065	6.88708009	2020-04-27T11:27:01Z	363	 But the actual icon is being pushed off , making me think I should go this way when I know I should be going this way.
368	52.22293124	6.88707982	2020-04-27T11:27:02Z	364	 But the actual icon is being pushed off , making me think I should go this way when I know I should be going this way.
369	52.22292905	6.88707654	2020-04-27T11:27:03Z	365	 But the actual icon is being pushed off , making me think I should go this way when I know I should be going this way.
370	52.22292836	6.88707216	2020-04-27T11:27:04Z	366	 But the actual icon is being pushed off , making me think I should go this way when I know I should be going this way.
371	52.22292834	6.88707092	2020-04-27T11:27:05Z	367	 But the actual icon is being pushed off , making me think I should go this way when I know I should be going this way.
372	52.22292751	6.88706891	2020-04-27T11:27:06Z	368	
373	52.22292625	6.88706774	2020-04-27T11:27:07Z	369	 We're gonna go back to the map now and there stairs here so I don't wanna fall.
374	52.22293044	6.88706454	2020-04-27T11:27:08Z	370	 We're gonna go back to the map now and there stairs here so I don't wanna fall.
375	52.22293369	6.88706156	2020-04-27T11:27:09Z	371	 We're gonna go back to the map now and there stairs here so I don't wanna fall.
376	52.22294265	6.88705591	2020-04-27T11:27:10Z	372	 We're gonna go back to the map now and there stairs here so I don't wanna fall.
377	52.22294811	6.88705333	2020-04-27T11:27:11Z	373	 We're gonna go back to the map now and there stairs here so I don't wanna fall.
378	52.22295257	6.88704701	2020-04-27T11:27:12Z	374	
379	52.22295668	6.88704481	2020-04-27T11:27:13Z	375	
380	52.22296131	6.88704288	2020-04-27T11:27:14Z	376	 You're recording my verbalization Sze , right?
381	52.22296425	6.88704664	2020-04-27T11:27:15Z	377	 You're recording my verbalization Sze , right?
382	52.22296676	6.88704896	2020-04-27T11:27:16Z	378	 Yeah.
383	52.22296845	6.88705208	2020-04-27T11:27:17Z	379	
384	52.22296977	6.88705919	2020-04-27T11:27:18Z	380	 Okay.
385	52.22296625	6.88706925	2020-04-27T11:27:19Z	381	
386	52.22296282	6.88707981	2020-04-27T11:27:20Z	382	
387	52.22296018	6.8870962	2020-04-27T11:27:21Z	383	 Okay.
388	52.22295632	6.88712017	2020-04-27T11:27:22Z	384	 So I've also been in this tunnel , and I find it's a much better way to get to the train station from ITC than to go around because I hate stopping at that stoplight.
389	52.22295288	6.88713886	2020-04-27T11:27:23Z	385	 So I've also been in this tunnel , and I find it's a much better way to get to the train station from ITC than to go around because I hate stopping at that stoplight.
390	52.22294746	6.88715203	2020-04-27T11:27:24Z	386	 So I've also been in this tunnel , and I find it's a much better way to get to the train station from ITC than to go around because I hate stopping at that stoplight.
391	52.22294059	6.88716902	2020-04-27T11:27:25Z	387	 So I've also been in this tunnel , and I find it's a much better way to get to the train station from ITC than to go around because I hate stopping at that stoplight.
392	52.22293248	6.88718285	2020-04-27T11:27:26Z	388	 So I've also been in this tunnel , and I find it's a much better way to get to the train station from ITC than to go around because I hate stopping at that stoplight.
393	52.22292506	6.88719469	2020-04-27T11:27:27Z	389	 So I've also been in this tunnel , and I find it's a much better way to get to the train station from ITC than to go around because I hate stopping at that stoplight.
394	52.22291982	6.88720257	2020-04-27T11:27:28Z	390	 So I've also been in this tunnel , and I find it's a much better way to get to the train station from ITC than to go around because I hate stopping at that stoplight.
395	52.2229143	6.88721014	2020-04-27T11:27:29Z	391	 So I've also been in this tunnel , and I find it's a much better way to get to the train station from ITC than to go around because I hate stopping at that stoplight.
396	52.22290697	6.8872169	2020-04-27T11:27:30Z	392	 So I've also been in this tunnel , and I find it's a much better way to get to the train station from ITC than to go around because I hate stopping at that stoplight.
397	52.22289866	6.88721606	2020-04-27T11:27:31Z	393	 So I've also been in this tunnel , and I find it's a much better way to get to the train station from ITC than to go around because I hate stopping at that stoplight.
398	52.22289029	6.887206	2020-04-27T11:27:32Z	394	 So I've also been in this tunnel , and I find it's a much better way to get to the train station from ITC than to go around because I hate stopping at that stoplight.
399	52.22287915	6.88719791	2020-04-27T11:27:33Z	395	 So I've also been in this tunnel , and I find it's a much better way to get to the train station from ITC than to go around because I hate stopping at that stoplight.
400	52.22286406	6.88719356	2020-04-27T11:27:34Z	396	 So I've also been in this tunnel , and I find it's a much better way to get to the train station from ITC than to go around because I hate stopping at that stoplight.
401	52.22285281	6.88719238	2020-04-27T11:27:35Z	397	 So I've also been in this tunnel , and I find it's a much better way to get to the train station from ITC than to go around because I hate stopping at that stoplight.
402	52.22284688	6.88719199	2020-04-27T11:27:36Z	398	
403	52.2228379	6.88719215	2020-04-27T11:27:37Z	399	 That one takes forever.
404	52.22282629	6.88719705	2020-04-27T11:27:38Z	400	
405	52.22281633	6.88719709	2020-04-27T11:27:39Z	401	
406	52.22281165	6.88719561	2020-04-27T11:27:40Z	402	
407	52.2228025	6.88719226	2020-04-27T11:27:41Z	403	 Okay , so it looks like the tunnel is attached over here , so I'm gonna pull this up because I'm not quite certain where it wants me.
408	52.22278892	6.88719077	2020-04-27T11:27:42Z	404	 Okay , so it looks like the tunnel is attached over here , so I'm gonna pull this up because I'm not quite certain where it wants me.
409	52.22277551	6.88719304	2020-04-27T11:27:43Z	405	 Okay , so it looks like the tunnel is attached over here , so I'm gonna pull this up because I'm not quite certain where it wants me.
410	52.22275884	6.88720547	2020-04-27T11:27:44Z	406	 Okay , so it looks like the tunnel is attached over here , so I'm gonna pull this up because I'm not quite certain where it wants me.
411	52.22274716	6.88721174	2020-04-27T11:27:45Z	407	 Okay , so it looks like the tunnel is attached over here , so I'm gonna pull this up because I'm not quite certain where it wants me.
412	52.222741	6.88721146	2020-04-27T11:27:46Z	408	 Okay , so it looks like the tunnel is attached over here , so I'm gonna pull this up because I'm not quite certain where it wants me.
413	52.22273661	6.88720204	2020-04-27T11:27:47Z	409	 Okay , so it looks like the tunnel is attached over here , so I'm gonna pull this up because I'm not quite certain where it wants me.
414	52.22273065	6.88719479	2020-04-27T11:27:48Z	410	 Okay , so it looks like the tunnel is attached over here , so I'm gonna pull this up because I'm not quite certain where it wants me.
415	52.22272119	6.88719045	2020-04-27T11:27:49Z	411	 Okay , so it looks like the tunnel is attached over here , so I'm gonna pull this up because I'm not quite certain where it wants me.
416	52.22271515	6.88718942	2020-04-27T11:27:50Z	412	 Okay , so it looks like the tunnel is attached over here , so I'm gonna pull this up because I'm not quite certain where it wants me.
417	52.22271202	6.88719101	2020-04-27T11:27:51Z	413	 Okay , so it looks like the tunnel is attached over here , so I'm gonna pull this up because I'm not quite certain where it wants me.
418	52.22271286	6.88718843	2020-04-27T11:27:52Z	414	 Okay , so it looks like the tunnel is attached over here , so I'm gonna pull this up because I'm not quite certain where it wants me.
419	52.22271466	6.88718528	2020-04-27T11:27:53Z	415	 Okay , so it looks like the tunnel is attached over here , so I'm gonna pull this up because I'm not quite certain where it wants me.
420	52.22271598	6.88718318	2020-04-27T11:27:54Z	416	 Okay , so it looks like the tunnel is attached over here , so I'm gonna pull this up because I'm not quite certain where it wants me.
421	52.22271677	6.88718204	2020-04-27T11:27:55Z	417	
422	52.22271765	6.88718059	2020-04-27T11:27:56Z	418	
423	52.22271945	6.88717775	2020-04-27T11:27:57Z	419	
424	52.22272055	6.88717592	2020-04-27T11:27:58Z	420	
425	52.22272172	6.88717365	2020-04-27T11:27:59Z	421	
426	52.2227242	6.88716632	2020-04-27T11:28:00Z	422	
427	52.2227256	6.88716166	2020-04-27T11:28:01Z	423	
428	52.22272646	6.88715907	2020-04-27T11:28:02Z	424	 I'm reading this aloud.
429	52.22272686	6.88715783	2020-04-27T11:28:03Z	425	 Tunnel name is one of the Dutch princesses.
430	52.22272765	6.88715548	2020-04-27T11:28:04Z	426	 Tunnel name is one of the Dutch princesses.
431	52.222728	6.88715267	2020-04-27T11:28:05Z	427	
432	52.22272821	6.88715106	2020-04-27T11:28:06Z	428	 It's a little current station.
433	52.22272841	6.88715044	2020-04-27T11:28:07Z	429	 It's a little current station.
434	52.22272862	6.88715004	2020-04-27T11:28:08Z	430	
435	52.22272878	6.88715049	2020-04-27T11:28:09Z	431	
436	52.22272857	6.8871515	2020-04-27T11:28:10Z	432	
437	52.22272864	6.88715241	2020-04-27T11:28:11Z	433	
438	52.22272897	6.8871539	2020-04-27T11:28:12Z	434	 So my understanding is that this tunnel pre existed the collapse of the of the textile industry.
439	52.2227293	6.8871552	2020-04-27T11:28:13Z	435	 So my understanding is that this tunnel pre existed the collapse of the of the textile industry.
440	52.22272947	6.88715585	2020-04-27T11:28:14Z	436	 So my understanding is that this tunnel pre existed the collapse of the of the textile industry.
441	52.22272955	6.88715618	2020-04-27T11:28:15Z	437	 So my understanding is that this tunnel pre existed the collapse of the of the textile industry.
442	52.22272959	6.88715636	2020-04-27T11:28:16Z	438	 So my understanding is that this tunnel pre existed the collapse of the of the textile industry.
443	52.2227295	6.88715684	2020-04-27T11:28:17Z	439	 So my understanding is that this tunnel pre existed the collapse of the of the textile industry.
444	52.2227277	6.88716139	2020-04-27T11:28:18Z	440	 So my understanding is that this tunnel pre existed the collapse of the of the textile industry.
445	52.22272783	6.88716573	2020-04-27T11:28:19Z	441	 So my understanding is that this tunnel pre existed the collapse of the of the textile industry.
446	52.22272704	6.88716244	2020-04-27T11:28:20Z	442	
447	52.22272856	6.88715441	2020-04-27T11:28:21Z	443	 So this was here even though the train station was on the other side , which is interesting.
448	52.22273025	6.88714505	2020-04-27T11:28:22Z	444	 So this was here even though the train station was on the other side , which is interesting.
449	52.22273233	6.88714112	2020-04-27T11:28:23Z	445	 So this was here even though the train station was on the other side , which is interesting.
450	52.22273529	6.88714125	2020-04-27T11:28:24Z	446	 So this was here even though the train station was on the other side , which is interesting.
451	52.22273739	6.88714559	2020-04-27T11:28:25Z	447	 So this was here even though the train station was on the other side , which is interesting.
452	52.22274175	6.88714524	2020-04-27T11:28:26Z	448	
453	52.22274473	6.88714252	2020-04-27T11:28:27Z	449	 Okay , we're gonna make a note of that.
454	52.22274527	6.88714185	2020-04-27T11:28:28Z	450	 Okay , we're gonna make a note of that.
455	52.22274529	6.88714204	2020-04-27T11:28:29Z	451	 Okay , we're gonna make a note of that.
456	52.22274523	6.88714238	2020-04-27T11:28:30Z	452	 Okay , we're gonna make a note of that.
457	52.22274517	6.88714337	2020-04-27T11:28:31Z	453	 Okay , we're gonna make a note of that.
458	52.22274515	6.88714385	2020-04-27T11:28:32Z	454	 Okay , we're gonna make a note of that.
459	52.22274513	6.8871441	2020-04-27T11:28:33Z	455	 Okay , we're gonna make a note of that.
460	52.2227451	6.88714451	2020-04-27T11:28:34Z	456	
461	52.22274508	6.8871447	2020-04-27T11:28:35Z	457	
462	52.22274549	6.88714543	2020-04-27T11:28:36Z	458	
463	52.22274573	6.88714635	2020-04-27T11:28:37Z	459	
464	52.22274616	6.88714705	2020-04-27T11:28:38Z	460	
465	52.22274659	6.88714786	2020-04-27T11:28:39Z	461	
466	52.22274697	6.88714863	2020-04-27T11:28:40Z	462	
467	52.22274723	6.88714908	2020-04-27T11:28:41Z	463	
468	52.22274741	6.88714973	2020-04-27T11:28:42Z	464	
469	52.22274762	6.88715012	2020-04-27T11:28:43Z	465	
470	52.22274775	6.88715036	2020-04-27T11:28:44Z	466	
471	52.22274781	6.8871509	2020-04-27T11:28:45Z	467	
472	52.22274785	6.88715119	2020-04-27T11:28:46Z	468	
473	52.22274788	6.88715139	2020-04-27T11:28:47Z	469	
474	52.22274793	6.88715177	2020-04-27T11:28:48Z	470	
475	52.22274798	6.88715201	2020-04-27T11:28:49Z	471	
476	52.22274825	6.88715233	2020-04-27T11:28:50Z	472	
477	52.22274843	6.88715257	2020-04-27T11:28:51Z	473	
478	52.22274856	6.88715275	2020-04-27T11:28:52Z	474	
479	52.22274868	6.88715292	2020-04-27T11:28:53Z	475	
480	52.22274877	6.88715302	2020-04-27T11:28:54Z	476	
481	52.22274884	6.88715312	2020-04-27T11:28:55Z	477	
482	52.22274887	6.88715317	2020-04-27T11:28:56Z	478	
483	52.22274889	6.8871532	2020-04-27T11:28:57Z	479	
484	52.22274889	6.88715324	2020-04-27T11:28:58Z	480	
485	52.22274747	6.88715125	2020-04-27T11:28:59Z	481	
486	52.22274941	6.88715107	2020-04-27T11:29:00Z	482	
487	52.22275234	6.88714732	2020-04-27T11:29:01Z	483	
488	52.22275686	6.88713976	2020-04-27T11:29:02Z	484	
489	52.22275958	6.88713093	2020-04-27T11:29:03Z	485	 Have you notes Just to make sure.
490	52.22276382	6.8871245	2020-04-27T11:29:04Z	486	 Have you notes Just to make sure.
491	52.22276854	6.88712101	2020-04-27T11:29:05Z	487	
492	52.22277419	6.88712109	2020-04-27T11:29:06Z	488	
493	52.22278088	6.88712323	2020-04-27T11:29:07Z	489	 No , I'm gonna start ordering my notes just for my own sick.
494	52.22278598	6.88712266	2020-04-27T11:29:08Z	490	 No , I'm gonna start ordering my notes just for my own sick.
495	52.22279672	6.88711832	2020-04-27T11:29:09Z	491	 No , I'm gonna start ordering my notes just for my own sick.
496	52.22281213	6.88711066	2020-04-27T11:29:10Z	492	 So I've taken to so far.
497	52.22282207	6.88710323	2020-04-27T11:29:11Z	493	
498	52.22282904	6.88709834	2020-04-27T11:29:12Z	494	
499	52.22283932	6.88709557	2020-04-27T11:29:13Z	495	 All right , so I'm gonna head back to the , ah , the area with the textile industry.
500	52.22285281	6.88709329	2020-04-27T11:29:14Z	496	 All right , so I'm gonna head back to the , ah , the area with the textile industry.
501	52.22286671	6.8870941	2020-04-27T11:29:15Z	497	 All right , so I'm gonna head back to the , ah , the area with the textile industry.
502	52.2228772	6.88709152	2020-04-27T11:29:16Z	498	 All right , so I'm gonna head back to the , ah , the area with the textile industry.
503	52.22288707	6.88709082	2020-04-27T11:29:17Z	499	 All right , so I'm gonna head back to the , ah , the area with the textile industry.
504	52.22289826	6.88709261	2020-04-27T11:29:18Z	500	 All right , so I'm gonna head back to the , ah , the area with the textile industry.
505	52.22290698	6.88709506	2020-04-27T11:29:19Z	501	
506	52.22291413	6.88709818	2020-04-27T11:29:20Z	502	 This is an area and less familiar with , and I'm primarily just using the map right now , although I know where I'm going.
507	52.22291909	6.88709343	2020-04-27T11:29:21Z	503	 This is an area and less familiar with , and I'm primarily just using the map right now , although I know where I'm going.
508	52.22292379	6.88708408	2020-04-27T11:29:22Z	504	 This is an area and less familiar with , and I'm primarily just using the map right now , although I know where I'm going.
509	52.22292914	6.88707477	2020-04-27T11:29:23Z	505	 This is an area and less familiar with , and I'm primarily just using the map right now , although I know where I'm going.
510	52.22293407	6.88706668	2020-04-27T11:29:24Z	506	 This is an area and less familiar with , and I'm primarily just using the map right now , although I know where I'm going.
511	52.22294158	6.8870592	2020-04-27T11:29:25Z	507	 This is an area and less familiar with , and I'm primarily just using the map right now , although I know where I'm going.
512	52.2229491	6.88705303	2020-04-27T11:29:26Z	508	 This is an area and less familiar with , and I'm primarily just using the map right now , although I know where I'm going.
513	52.22295487	6.88704627	2020-04-27T11:29:27Z	509	 This is an area and less familiar with , and I'm primarily just using the map right now , although I know where I'm going.
514	52.22296275	6.88703864	2020-04-27T11:29:28Z	510	 This is an area and less familiar with , and I'm primarily just using the map right now , although I know where I'm going.
515	52.22297097	6.88702843	2020-04-27T11:29:29Z	511	 So I should just I should probably Yeah.
516	52.22298025	6.88701735	2020-04-27T11:29:30Z	512	 So I should just I should probably Yeah.
517	52.22298799	6.88701232	2020-04-27T11:29:31Z	513	 So I should just I should probably Yeah.
518	52.22299442	6.88700806	2020-04-27T11:29:32Z	514	 So the ITC So I'm just gonna return to the ITC building without paying too much attention to the map.
519	52.22300148	6.88700224	2020-04-27T11:29:33Z	515	 So the ITC So I'm just gonna return to the ITC building without paying too much attention to the map.
520	52.22301379	6.8869913	2020-04-27T11:29:34Z	516	 So the ITC So I'm just gonna return to the ITC building without paying too much attention to the map.
521	52.22302706	6.8869798	2020-04-27T11:29:35Z	517	 So the ITC So I'm just gonna return to the ITC building without paying too much attention to the map.
522	52.22303636	6.88697239	2020-04-27T11:29:36Z	518	 So the ITC So I'm just gonna return to the ITC building without paying too much attention to the map.
523	52.22304457	6.88696915	2020-04-27T11:29:37Z	519	 So the ITC So I'm just gonna return to the ITC building without paying too much attention to the map.
524	52.22305972	6.88696579	2020-04-27T11:29:38Z	520	 So the ITC So I'm just gonna return to the ITC building without paying too much attention to the map.
525	52.2230786	6.88696097	2020-04-27T11:29:39Z	521	
526	52.2230994	6.88695362	2020-04-27T11:29:40Z	522	
527	52.22311165	6.88694761	2020-04-27T11:29:41Z	523	
528	52.22311992	6.88694502	2020-04-27T11:29:42Z	524	
529	52.22313282	6.88693612	2020-04-27T11:29:43Z	525	
530	52.2231455	6.88693013	2020-04-27T11:29:44Z	526	 So I would have guessed Menzis was like an ice cream.
531	52.22315214	6.8869289	2020-04-27T11:29:45Z	527	 So I would have guessed Menzis was like an ice cream.
532	52.22315778	6.88692942	2020-04-27T11:29:46Z	528	 So I would have guessed Menzis was like an ice cream.
533	52.22316399	6.88693092	2020-04-27T11:29:47Z	529	
534	52.22317135	6.88693213	2020-04-27T11:29:48Z	530	
535	52.22318279	6.8869303	2020-04-27T11:29:49Z	531	 Yeah , I had no idea was insurance , so I'm learning something.
536	52.2231954	6.88693179	2020-04-27T11:29:50Z	532	 Yeah , I had no idea was insurance , so I'm learning something.
537	52.22320965	6.88693286	2020-04-27T11:29:51Z	533	 Yeah , I had no idea was insurance , so I'm learning something.
538	52.22322245	6.88693762	2020-04-27T11:29:52Z	534	 Yeah , I had no idea was insurance , so I'm learning something.
539	52.22323305	6.88694577	2020-04-27T11:29:53Z	535	 Yeah , I had no idea was insurance , so I'm learning something.
540	52.22324411	6.88695397	2020-04-27T11:29:54Z	536	
541	52.22325617	6.88696476	2020-04-27T11:29:55Z	537	 At first I thought it was a restaurant.
542	52.2232692	6.886975	2020-04-27T11:29:56Z	538	
543	52.22328279	6.88698509	2020-04-27T11:29:57Z	539	 So when I first got here , Yeah , I'm seeing people give me strange looks for wearing these glasses.
544	52.22329597	6.88699327	2020-04-27T11:29:58Z	540	 So when I first got here , Yeah , I'm seeing people give me strange looks for wearing these glasses.
545	52.22330546	6.8870017	2020-04-27T11:29:59Z	541	 So when I first got here , Yeah , I'm seeing people give me strange looks for wearing these glasses.
546	52.2233124	6.88700538	2020-04-27T11:30:00Z	542	 So when I first got here , Yeah , I'm seeing people give me strange looks for wearing these glasses.
547	52.22332138	6.88700878	2020-04-27T11:30:01Z	543	 So when I first got here , Yeah , I'm seeing people give me strange looks for wearing these glasses.
548	52.22333279	6.88701895	2020-04-27T11:30:02Z	544	 So when I first got here , Yeah , I'm seeing people give me strange looks for wearing these glasses.
549	52.22334711	6.88702948	2020-04-27T11:30:03Z	545	 So when I first got here , Yeah , I'm seeing people give me strange looks for wearing these glasses.
550	52.22336033	6.88703939	2020-04-27T11:30:04Z	546	 So when I first got here , Yeah , I'm seeing people give me strange looks for wearing these glasses.
551	52.22337229	6.88704728	2020-04-27T11:30:05Z	547	 So when I first got here , Yeah , I'm seeing people give me strange looks for wearing these glasses.
552	52.22338704	6.88705261	2020-04-27T11:30:06Z	548	 So when I first got here , Yeah , I'm seeing people give me strange looks for wearing these glasses.
553	52.2233965	6.88705394	2020-04-27T11:30:07Z	549	 So when I first got here , Yeah , I'm seeing people give me strange looks for wearing these glasses.
554	52.22340269	6.8870564	2020-04-27T11:30:08Z	550	
555	52.22341513	6.88705756	2020-04-27T11:30:09Z	551	
556	52.22342533	6.8870601	2020-04-27T11:30:10Z	552	
557	52.22343245	6.88706363	2020-04-27T11:30:11Z	553	
558	52.22344267	6.88706389	2020-04-27T11:30:12Z	554	
559	52.22345651	6.88706901	2020-04-27T11:30:13Z	555	 They probably think they're being recorded on Google Glass , but okay , so I didn't actually click on the ITC building.
560	52.22346876	6.88707224	2020-04-27T11:30:14Z	556	 They probably think they're being recorded on Google Glass , but okay , so I didn't actually click on the ITC building.
561	52.22347772	6.88707181	2020-04-27T11:30:15Z	557	 They probably think they're being recorded on Google Glass , but okay , so I didn't actually click on the ITC building.
562	52.22348523	6.88706792	2020-04-27T11:30:16Z	558	 They probably think they're being recorded on Google Glass , but okay , so I didn't actually click on the ITC building.
563	52.22349147	6.88706338	2020-04-27T11:30:17Z	559	 They probably think they're being recorded on Google Glass , but okay , so I didn't actually click on the ITC building.
564	52.22349733	6.88706211	2020-04-27T11:30:18Z	560	 They probably think they're being recorded on Google Glass , but okay , so I didn't actually click on the ITC building.
565	52.22350542	6.88706083	2020-04-27T11:30:19Z	561	 They probably think they're being recorded on Google Glass , but okay , so I didn't actually click on the ITC building.
566	52.2235146	6.88705401	2020-04-27T11:30:20Z	562	 They probably think they're being recorded on Google Glass , but okay , so I didn't actually click on the ITC building.
567	52.22352275	6.88704429	2020-04-27T11:30:21Z	563	 They probably think they're being recorded on Google Glass , but okay , so I didn't actually click on the ITC building.
568	52.22353234	6.88703288	2020-04-27T11:30:22Z	564	 They probably think they're being recorded on Google Glass , but okay , so I didn't actually click on the ITC building.
569	52.22354542	6.88702073	2020-04-27T11:30:23Z	565	 They probably think they're being recorded on Google Glass , but okay , so I didn't actually click on the ITC building.
570	52.22355576	6.88700963	2020-04-27T11:30:24Z	566	 They probably think they're being recorded on Google Glass , but okay , so I didn't actually click on the ITC building.
571	52.22356474	6.88699828	2020-04-27T11:30:25Z	567	 They probably think they're being recorded on Google Glass , but okay , so I didn't actually click on the ITC building.
572	52.22357311	6.88698659	2020-04-27T11:30:26Z	568	 They probably think they're being recorded on Google Glass , but okay , so I didn't actually click on the ITC building.
573	52.2235817	6.88697578	2020-04-27T11:30:27Z	569	 They probably think they're being recorded on Google Glass , but okay , so I didn't actually click on the ITC building.
574	52.22359019	6.886964	2020-04-27T11:30:28Z	570	 They probably think they're being recorded on Google Glass , but okay , so I didn't actually click on the ITC building.
575	52.22359802	6.8869509	2020-04-27T11:30:29Z	571	 They probably think they're being recorded on Google Glass , but okay , so I didn't actually click on the ITC building.
576	52.22360598	6.88693464	2020-04-27T11:30:30Z	572	 They probably think they're being recorded on Google Glass , but okay , so I didn't actually click on the ITC building.
577	52.22361551	6.88691659	2020-04-27T11:30:31Z	573	 They probably think they're being recorded on Google Glass , but okay , so I didn't actually click on the ITC building.
578	52.22362628	6.88689706	2020-04-27T11:30:32Z	574	
579	52.22363547	6.88687607	2020-04-27T11:30:33Z	575	 I didn't realize I had been there and been there already.
580	52.22364287	6.88685732	2020-04-27T11:30:34Z	576	 I didn't realize I had been there and been there already.
581	52.22364926	6.88683986	2020-04-27T11:30:35Z	577	 I didn't realize I had been there and been there already.
582	52.22365416	6.88682368	2020-04-27T11:30:36Z	578	 I didn't realize I had been there and been there already.
583	52.22365786	6.88680723	2020-04-27T11:30:37Z	579	
584	52.22365973	6.88678924	2020-04-27T11:30:38Z	580	 So one thing that would be really neat is if the app signaled which locations you've already been to.
585	52.22366211	6.8867714	2020-04-27T11:30:39Z	581	 So one thing that would be really neat is if the app signaled which locations you've already been to.
586	52.22366678	6.88675513	2020-04-27T11:30:40Z	582	 So one thing that would be really neat is if the app signaled which locations you've already been to.
587	52.22367174	6.88674033	2020-04-27T11:30:41Z	583	 So one thing that would be really neat is if the app signaled which locations you've already been to.
588	52.22367676	6.88672268	2020-04-27T11:30:42Z	584	 So one thing that would be really neat is if the app signaled which locations you've already been to.
589	52.2236818	6.8867052	2020-04-27T11:30:43Z	585	 So one thing that would be really neat is if the app signaled which locations you've already been to.
590	52.22368303	6.88668531	2020-04-27T11:30:44Z	586	 So one thing that would be really neat is if the app signaled which locations you've already been to.
591	52.22368841	6.88666381	2020-04-27T11:30:45Z	587	 So one thing that would be really neat is if the app signaled which locations you've already been to.
592	52.22369893	6.8866446	2020-04-27T11:30:46Z	588	
593	52.22370835	6.88662713	2020-04-27T11:30:47Z	589	 Both that you've already clicked information , but also were sort of geo fence was in a particular area so that you know that you've actually physically been there because that would help me determine which points I haven't been to yet.
594	52.22371887	6.88661309	2020-04-27T11:30:48Z	590	 Both that you've already clicked information , but also were sort of geo fence was in a particular area so that you know that you've actually physically been there because that would help me determine which points I haven't been to yet.
595	52.22372575	6.88659901	2020-04-27T11:30:49Z	591	 Both that you've already clicked information , but also were sort of geo fence was in a particular area so that you know that you've actually physically been there because that would help me determine which points I haven't been to yet.
596	52.2237285	6.88658426	2020-04-27T11:30:50Z	592	 Both that you've already clicked information , but also were sort of geo fence was in a particular area so that you know that you've actually physically been there because that would help me determine which points I haven't been to yet.
597	52.22373097	6.88656634	2020-04-27T11:30:51Z	593	 Both that you've already clicked information , but also were sort of geo fence was in a particular area so that you know that you've actually physically been there because that would help me determine which points I haven't been to yet.
598	52.22373081	6.88654993	2020-04-27T11:30:52Z	594	 Both that you've already clicked information , but also were sort of geo fence was in a particular area so that you know that you've actually physically been there because that would help me determine which points I haven't been to yet.
599	52.22373408	6.88653205	2020-04-27T11:30:53Z	595	 Both that you've already clicked information , but also were sort of geo fence was in a particular area so that you know that you've actually physically been there because that would help me determine which points I haven't been to yet.
600	52.22373913	6.88651547	2020-04-27T11:30:54Z	596	 Both that you've already clicked information , but also were sort of geo fence was in a particular area so that you know that you've actually physically been there because that would help me determine which points I haven't been to yet.
601	52.22374583	6.88650283	2020-04-27T11:30:55Z	597	 Both that you've already clicked information , but also were sort of geo fence was in a particular area so that you know that you've actually physically been there because that would help me determine which points I haven't been to yet.
602	52.22375579	6.88648954	2020-04-27T11:30:56Z	598	 Both that you've already clicked information , but also were sort of geo fence was in a particular area so that you know that you've actually physically been there because that would help me determine which points I haven't been to yet.
603	52.22376286	6.88647427	2020-04-27T11:30:57Z	599	 Both that you've already clicked information , but also were sort of geo fence was in a particular area so that you know that you've actually physically been there because that would help me determine which points I haven't been to yet.
604	52.2237663	6.88646054	2020-04-27T11:30:58Z	600	 Both that you've already clicked information , but also were sort of geo fence was in a particular area so that you know that you've actually physically been there because that would help me determine which points I haven't been to yet.
605	52.22377061	6.8864419	2020-04-27T11:30:59Z	601	 Both that you've already clicked information , but also were sort of geo fence was in a particular area so that you know that you've actually physically been there because that would help me determine which points I haven't been to yet.
606	52.22377853	6.88641938	2020-04-27T11:31:00Z	602	
607	52.2237859	6.88640101	2020-04-27T11:31:01Z	603	 I didn't realize that there was a point here.
608	52.22379261	6.88638584	2020-04-27T11:31:02Z	604	 I didn't realize that there was a point here.
609	52.22380512	6.88636795	2020-04-27T11:31:03Z	605	
610	52.22382273	6.88635156	2020-04-27T11:31:04Z	606	
611	52.22383985	6.88633833	2020-04-27T11:31:05Z	607	 ITC building , faculty of Geo Information Science and Earth Observation University.
612	52.22385715	6.8863274	2020-04-27T11:31:06Z	608	 ITC building , faculty of Geo Information Science and Earth Observation University.
613	52.22387503	6.88631891	2020-04-27T11:31:07Z	609	 ITC building , faculty of Geo Information Science and Earth Observation University.
614	52.22389197	6.88630641	2020-04-27T11:31:08Z	610	 ITC building , faculty of Geo Information Science and Earth Observation University.
615	52.22390952	6.88628901	2020-04-27T11:31:09Z	611	 ITC building , faculty of Geo Information Science and Earth Observation University.
616	52.22391765	6.88627409	2020-04-27T11:31:10Z	612	 Twente 19 nineties Enschede North Station.
617	52.2239185	6.88626437	2020-04-27T11:31:11Z	613	 Twente 19 nineties Enschede North Station.
618	52.22392112	6.88625566	2020-04-27T11:31:12Z	614	 Twente 19 nineties Enschede North Station.
619	52.22392424	6.88624177	2020-04-27T11:31:13Z	615	 Twente 19 nineties Enschede North Station.
620	52.22393111	6.88622472	2020-04-27T11:31:14Z	616	 Twente 19 nineties Enschede North Station.
621	52.22394259	6.88619841	2020-04-27T11:31:15Z	617	 Twente 19 nineties Enschede North Station.
622	52.22395063	6.88617417	2020-04-27T11:31:16Z	618	 Twente 19 nineties Enschede North Station.
623	52.22395379	6.88615431	2020-04-27T11:31:17Z	619	 Twente 19 nineties Enschede North Station.
624	52.22394783	6.88613161	2020-04-27T11:31:18Z	620	
625	52.22393432	6.88612519	2020-04-27T11:31:19Z	621	
626	52.2239243	6.8861237	2020-04-27T11:31:20Z	622	
627	52.22391502	6.88612681	2020-04-27T11:31:21Z	623	
628	52.22391428	6.88612903	2020-04-27T11:31:22Z	624	 Okay , I've taken this picture of myself.
629	52.22391587	6.88613251	2020-04-27T11:31:23Z	625	 Okay , I've taken this picture of myself.
630	52.22391707	6.8861348	2020-04-27T11:31:24Z	626	 Okay , I've taken this picture of myself.
631	52.22391727	6.88613755	2020-04-27T11:31:25Z	627	
632	52.22391948	6.88614152	2020-04-27T11:31:26Z	628	
633	52.22392042	6.88614512	2020-04-27T11:31:27Z	629	 This looks like the same map.
634	52.22391945	6.88614708	2020-04-27T11:31:28Z	630	 This looks like the same map.
635	52.2239179	6.88614836	2020-04-27T11:31:29Z	631	 So this also was the former train station.
636	52.22391571	6.88614856	2020-04-27T11:31:30Z	632	 So this also was the former train station.
637	52.22391226	6.88614737	2020-04-27T11:31:31Z	633	
638	52.22390921	6.88614624	2020-04-27T11:31:32Z	634	
639	52.22390615	6.88614489	2020-04-27T11:31:33Z	635	
640	52.22390412	6.886144	2020-04-27T11:31:34Z	636	
641	52.2239044	6.88614429	2020-04-27T11:31:35Z	637	 Okay , this looks like it's doing a little better.
642	52.22390474	6.88614457	2020-04-27T11:31:36Z	638	 Okay , this looks like it's doing a little better.
643	52.22390478	6.88614471	2020-04-27T11:31:37Z	639	 Okay , this looks like it's doing a little better.
644	52.22390537	6.88614512	2020-04-27T11:31:38Z	640	 Okay , this looks like it's doing a little better.
645	52.22390582	6.88614544	2020-04-27T11:31:39Z	641	 Okay , this looks like it's doing a little better.
646	52.22390608	6.88614567	2020-04-27T11:31:40Z	642	 Okay , this looks like it's doing a little better.
647	52.22390618	6.88614578	2020-04-27T11:31:41Z	643	 I wonder if I think actually this protection is causing it.
648	52.22390627	6.88614585	2020-04-27T11:31:42Z	644	 I wonder if I think actually this protection is causing it.
649	52.22390667	6.88614602	2020-04-27T11:31:43Z	645	 I wonder if I think actually this protection is causing it.
650	52.22390667	6.88614598	2020-04-27T11:31:44Z	646	 I wonder if I think actually this protection is causing it.
651	52.22390666	6.886146	2020-04-27T11:31:45Z	647	
652	52.22390698	6.88614616	2020-04-27T11:31:46Z	648	
653	52.22390756	6.88614645	2020-04-27T11:31:47Z	649	
654	52.2239077	6.88614654	2020-04-27T11:31:48Z	650	
655	52.22390882	6.88614702	2020-04-27T11:31:49Z	651	
656	52.22390946	6.88614729	2020-04-27T11:31:50Z	652	
657	52.22391047	6.8861478	2020-04-27T11:31:51Z	653	
658	52.22391092	6.88614804	2020-04-27T11:31:52Z	654	 Yeah , it's definitely impacting the barometer in some way.
659	52.22391205	6.88614861	2020-04-27T11:31:53Z	655	 Yeah , it's definitely impacting the barometer in some way.
660	52.22391237	6.88614884	2020-04-27T11:31:54Z	656	
661	52.22391285	6.8861491	2020-04-27T11:31:55Z	657	 Um , the compass.
662	52.22391282	6.88614911	2020-04-27T11:31:56Z	658	 Um , the compass.
663	52.22391368	6.88614955	2020-04-27T11:31:57Z	659	 Um , the compass.
664	52.22391602	6.88615069	2020-04-27T11:31:58Z	660	 Okay , so I knew that about the ITC.
665	52.22391789	6.8861516	2020-04-27T11:31:59Z	661	 Okay , so I knew that about the ITC.
666	52.2239198	6.88615256	2020-04-27T11:32:00Z	662	
667	52.22392155	6.88615344	2020-04-27T11:32:01Z	663	
668	52.22392295	6.88615415	2020-04-27T11:32:02Z	664	
669	52.22392362	6.88615451	2020-04-27T11:32:03Z	665	
670	52.22392427	6.88615488	2020-04-27T11:32:04Z	666	
671	52.22392486	6.88615524	2020-04-27T11:32:05Z	667	
672	52.22392514	6.8861555	2020-04-27T11:32:06Z	668	
673	52.22392665	6.88615635	2020-04-27T11:32:07Z	669	
674	52.22392762	6.88615697	2020-04-27T11:32:08Z	670	
675	52.2239281	6.88615727	2020-04-27T11:32:09Z	671	
676	52.22392844	6.88615745	2020-04-27T11:32:10Z	672	
677	52.22392922	6.88615723	2020-04-27T11:32:11Z	673	
678	52.22392953	6.88615713	2020-04-27T11:32:12Z	674	
679	52.22392969	6.88615708	2020-04-27T11:32:13Z	675	
680	52.22392978	6.88615707	2020-04-27T11:32:14Z	676	
681	52.22393177	6.88615579	2020-04-27T11:32:15Z	677	
682	52.22393019	6.88615414	2020-04-27T11:32:16Z	678	
683	52.22393056	6.88615655	2020-04-27T11:32:17Z	679	
684	52.22393174	6.88615928	2020-04-27T11:32:18Z	680	
